Review,label,processed_review
"Best mobile phone
Camera quality is very nice
Battery backup is very good
Sound quality is amazing.",positive,best mobil phone camera qualiti nice batteri backup good sound qualiti amaz . 
"Nice product with all features specially its looks and camera battery backup is good
You should buy it without any issues",positive,nice product featur special look camera batteri backup good buy without issu 
High quality cameraüòç,neutral,high qualiti cameraüòç 
Camera Quality Is Improved Loving It,positive,camera qualiti improv love 
Switch from OnePlus to iPhone I am stunned with camera performance. Everything is perfect on iPhone 15.,positive,switch oneplu iphon stun camera perform . everyth perfect iphon 15 . 
Very nice,positive,nice 
Awesome photography experience. Battery backup is good . Display is much better than 14 version.,positive,awesom photographi experi . batteri backup good . display much better 14 version . 
"Just loved the product , colour , design is wow and camera is amazing , just clicked first picture of my grandmother üëµüèª in portrait mode and results r here in front of you guys üòçüòò",positive,"love product , colour , design wow camera amaz , click first pictur grandmoth üëµüèª portrait mode result r front guy üòçüòò "
Just go for it.Amazing one.Beautiful camera with super fast processor,positive,go it.amaz one.beauti camera super fast processor 
I love this phone. The camera is amazing: its I am so happy,positive,love phone . camera amaz : happi 
Worth the money,positive,worth money 
Perfect product!,positive,perfect product ! 
Mind-blowing purchase,neutral,mind-blow purchas 
Just wow!,positive,wow ! 
Awesome,positive,awesom 
Good choice,positive,good choic 
Worth every penny,positive,worth everi penni 
Worth every penny,positive,worth everi penni 
Worth every penny,positive,worth everi penni 
Highly recommended,positive,highli recommend 
"Awesome product very happy to hold this. Better In hand feel,matte finish.
Good camera, Brighter screen with Dynamic Island, USB-C, great battery life.

60Hz display is a dealbreaker for some.Its not much noticeable.

Thank u Flipkart for the best deal and quick delivery.",positive,"awesom product happi hold . better hand feel , matt finish . good camera , brighter screen dynam island , usb-c , great batteri life . 60hz display dealbreak some.it much notic . thank u flipkart best deal quick deliveri . "
for me its 10 out of 10‚ú®,neutral,10 10‚ú® 
Nice ‚ù§Ô∏è,positive,nice ‚ù§Ô∏è 
moving from android to apple is a surreal experience. still apple could focus on more flexibility towards the apps.,positive,move android appl surreal experi . still appl could focu flexibl toward app . 
"Totally happy!
Camera 5
Battery 5
Display 5
Design 5",positive,total happi ! camera 5 batteri 5 display 5 design 5 
"best camera and battery is also very good
In love with dynamic Island
Type-c charging is very fast.
Overall best phone",positive,best camera batteri also good love dynam island type-c charg fast . overal best phone 
Simply premium.,neutral,simpli premium . 
"So beautiful, so elegant, just a vowwwüòç‚ù§Ô∏è",positive,"beauti , eleg , vowwwüòç‚ù§Ô∏è "
Awesome camra quality superb camra üòä,positive,awesom camra qualiti superb camra üòä 
Simply Awesome ü§©,positive,simpli awesom ü§© 
Excellent,positive,excel 
Simply awesome,positive,simpli awesom 
Classy product,positive,classi product 
Brilliant,positive,brilliant 
Brilliant,positive,brilliant 
Great product,positive,great product 
Awesome,positive,awesom 
Fabulous!,positive,fabul ! 
Really Nice,positive,realli nice 
Best in the market!,positive,best market ! 
Great!,positive,great ! 
A perfect n balanced phone ‚ù£Ô∏è. Was thinking of switching to ios from last two years and yeah its worth buying the black beauty üñ§.,positive,perfect n balanc phone ‚ù£Ô∏è . think switch io last two year yeah worth buy black beauti üñ§ . 
This is my first iphone ever used loving it already this is worth it ü•∞,positive,first iphon ever use love alreadi worth ü•∞ 
Nice üôÇüôÇüôÇüôÇüôÇ,positive,nice üôÇüôÇüôÇüôÇüôÇ 
Nice product,positive,nice product 
It's performance is super and nice camera also a ok battery backup..,positive,'s perform super nice camera also ok batteri backup .. 
"48 megapixel is litüî•
Thin bessels compared to 14
Lesser in weight
Dynamic Island works perfectly
Good battery backup ‚ö°
My rating 5/5",positive,48 megapixel litüî• thin bessel compar 14 lesser weight dynam island work perfectli good batteri backup ‚ö° rate 5/5 
Nice phone good,positive,nice phone good 
Awesome üî•üî•‚ò∫Ô∏è,positive,awesom üî•üî•‚ò∫Ô∏è 
Their is nothing to explain about Apple iPhone nowadays everyone knows when ur comes to iPhone 15 is just amazing üî•,positive,noth explain appl iphon nowaday everyon know ur come iphon 15 amaz üî• 
Worth every penny,positive,worth everi penni 
Classy product,positive,classi product 
Simply awesome,positive,simpli awesom 
Awesome,positive,awesom 
Wonderful,positive,wonder 
Fabulous!,positive,fabul ! 
Best in the market!,positive,best market ! 
Value-for-money,neutral,value-for-money 
Just wow!,positive,wow ! 
Terrific,positive,terrif 
"Awesome experience entering the apple ecosystem, below are some of the pros and cons
Pros~
2) camera is awesome and clicks good photos even in daylight and night
3) size is perfect and easy to handle
4) Apple ecosystem is the best
5) battery charging rate is good and not too slow, and battery backup is also lasting 1 day for a normal usage.
6) Dynamic Island is the best upgrade from 14.
7) texture and phone build quality has improved a lot

Cons~
1) sometimes phone gets heated but that is ma...
READ MORE",positive,"awesom experi enter appl ecosystem , pro con pros~ 2 ) camera awesom click good photo even daylight night 3 ) size perfect easi handl 4 ) appl ecosystem best 5 ) batteri charg rate good slow , batteri backup also last 1 day normal usag . 6 ) dynam island best upgrad 14 . 7 ) textur phone build qualiti improv lot cons~ 1 ) sometim phone get heat ... read "
Awesome phone powerful performance and battery backup are also very good no heating issue ‚ò∫Ô∏è,positive,awesom phone power perform batteri backup also good heat issu ‚ò∫Ô∏è 
Awesome quality I am very happy. Thank you Flipkart.,positive,awesom qualiti happi . thank flipkart . 
It looks so good in my hand !.......WAU?,positive,look good hand ! ....... wau ? 
"Great Experience Flipkart I am giving 10 of 10 Camera, Sound, Screen... Transportation Mi note 9 pro Max to Iphone 15 .",positive,"great experi flipkart give 10 10 camera , sound , screen ... transport mi note 9 pro max iphon 15 . "
"Camera is good but not too good like other camera phone.
Performance is good but missed 90hz display.
Battery is good enough for a day use.
Sound is quite awesome like no other phones
Rest phone is good to go for.",positive,camera good good like camera phone . perform good miss 90hz display . batteri good enough day use . sound quit awesom like phone rest phone good go . 
Awesome,positive,awesom 
Camera quality top notch üëç,positive,camera qualiti top notch üëç 
Very nice product‚ò∫Ô∏è‚ò∫Ô∏èwe loved the phone very much,positive,nice product‚ò∫Ô∏è‚ò∫Ô∏èw love phone much 
Camera üî•,neutral,camera üî• 
Mind-blowing purchase,neutral,mind-blow purchas 
Great product,positive,great product 
Classy product,positive,classi product 
Fabulous!,positive,fabul ! 
Great product,positive,great product 
Worth every penny,positive,worth everi penni 
Classy product,positive,classi product 
Perfect product!,positive,perfect product ! 
Good choice,positive,good choic 
Just wow!,positive,wow ! 
"Writing this review after extensive usage. Hope it helps interested buyers decide.
1. Display:- 4/5 (Great display but limited to 60Hz in 2023-24)
2. Camera:- 4/5 (Great cameras but no telephoto at this price segment but this time Apple really nailed it with the 15 series 24mp shots are very sharp and detailed)
3. Performance:- 5/5 (One of the fastest SOC available right now)
4. Battery:- 3/5 (Average battery life also charger not included in the box and still charges slowly with the 20w bric...
READ MORE",negative,write review extens usag . hope help interest buyer decid . 1 . display : - 4/5 ( great display limit 60hz 2023-24 ) 2 . camera : - 4/5 ( great camera telephoto price segment time appl realli nail 15 seri 24mp shot sharp detail ) 3 . perform : - 5/5 ( one fastest soc avail right ) 4 . batteri : - 3/5 ( averag batteri life also charger includ box still charg slowli 20w bric ... read 
Love the performance üëç,positive,love perform üëç 
Pic Quality Awesome,positive,pic qualiti awesom 
Absolutely gorgeous üòª,positive,absolut gorgeou üòª 
"Just upgraded from iphone 12 to 15 and I totally loved this 15 series.
Camera:- No doubt iphones camera are best of any other smartphone, primary camera is now 48mp which gives quite sharp images, 2x in portrait mode is definitely a game changer in base varient.
Battery:- 3349 mAH is quite better as compared to older versions.
Performance:- Apple improve performance by introducing A-16 bionic chip, no doubt performance is on top.
Display:- In display we get dynamic island which gives phone mo...
READ MORE",positive,"upgrad iphon 12 15 total love 15 seri . camera : - doubt iphon camera best smartphon , primari camera 48mp give quit sharp imag , 2x portrait mode definit game changer base varient . batteri : - 3349 mah quit better compar older version . perform : - appl improv perform introduc a-16 bionic chip , doubt perform top . display : - display get dynam island give phone mo ... read "
Best in class..! Superb camera and performance. Fine grip.,positive,best class .. ! superb camera perform . fine grip . 
Absolutely premium product..just wow,positive,absolut premium product .. wow 
It's amazing nd also the delivery boy was very humble.,positive,'s amaz nd also deliveri boy humbl . 
Thanks Flipkart I m glad such a beautiful iPhone 15,positive,thank flipkart glad beauti iphon 15 
Such a amazing phone ü´∂üèª,positive,amaz phone ü´∂üèª 
Worth the money,positive,worth money 
Fabulous!,positive,fabul ! 
Super!,positive,super ! 
Terrific purchase,positive,terrif purchas 
Highly recommended,positive,highli recommend 
Terrific,positive,terrif 
Classy product,positive,classi product 
Highly recommended,positive,highli recommend 
Just wow!,positive,wow ! 
Excellent,positive,excel 
Best for regular usage,positive,best regular usag 
"Switch from android to iPhoneüòç
Just wow. Camera and battery backup is outstanding for daily use",positive,switch android iphoneüòç wow . camera batteri backup outstand daili use 
"Just ok like any other premium android phone. Sound is just fantastic and face unlock feature is more convenient than fingerprint scanner. Battery backup is more than android 5000 mah battery. This is my frist iPhone, migrated from android due to chipset heating problem in Google tensor chip and Samsung exonys processsor.",positive,"ok like premium android phone . sound fantast face unlock featur conveni fingerprint scanner . batteri backup android 5000 mah batteri . frist iphon , migrat android due chipset heat problem googl tensor chip samsung exoni processsor . "
Amazing camera quality,positive,amaz camera qualiti 
"SUPER

12 MINI TO 15 üòçüòçüòç",positive,super 12 mini 15 üòçüòçüòç 
I upgraded from iPhone 13 to 15 and this phone is awesome worth the money go for it,positive,upgrad iphon 13 15 phone awesom worth money go 
Loved this product ‚ù§Ô∏è‚ù§Ô∏è,positive,love product ‚ù§Ô∏è‚ù§Ô∏è 
Simply wow wow wow üòç‚ù§Ô∏è,positive,simpli wow wow wow üòç‚ù§Ô∏è 
Awesome...,neutral,awesom ... 
"A fantastic product.

I was an iPhone 13 user I have upgraded to this. Brilliant display. I can see a great difference in battery backup. I can also say that the Dynamic Island helps in UI to the users. Looks premium. Price range might drop in a year.
Thanks for Flipkart sale days.",positive,fantast product . iphon 13 user upgrad . brilliant display . see great differ batteri backup . also say dynam island help ui user . look premium . price rang might drop year . thank flipkart sale day . 
Super!,positive,super ! 
Brilliant,positive,brilliant 
Value-for-money,neutral,value-for-money 
Awesome,positive,awesom 
Wonderful,positive,wonder 
Wonderful,positive,wonder 
Awesome,positive,awesom 
Wonderful,positive,wonder 
Worth every penny,positive,worth everi penni 
Best in the market!,positive,best market ! 
Awesome phone ‚ù§Ô∏è,positive,awesom phone ‚ù§Ô∏è 
Nice,positive,nice 
Awesomeüòçswitch from android to iOS,neutral,awesomeüòçswitch android io 
"You have to charge it 3 times atleast if you use it as a primary phone

Otherwise the phone is yoo",neutral,charg 3 time atleast use primari phone otherwis phone yoo 
"Camera quality are too Great
Display awesome
Battery is average
Design is very nice
Overall very good",positive,camera qualiti great display awesom batteri averag design nice overal good 
Superb... Shifted from Android to iPhone 15..classsüëç,neutral,superb ... shift android iphon 15 .. classsüëç 
"This is an amazing phone and back side of phone is frozen glass which makes it less prone to finger marks while holding. Till now enjoying it, will update with further details after a week.",positive,"amaz phone back side phone frozen glass make less prone finger mark hold . till enjoy , updat detail week . "
"Battery is worst!

I am moving from android, so i feel my 20k android phone is better than this iphone. Although i brought this for apple ecosystem!",negative,"batteri worst ! move android , feel 20k android phone better iphon . although brought appl ecosystem ! "
"Amazing product‚ù§Ô∏è‚ù§Ô∏è
Best iPhone out of all the iPhone series",positive,amaz product‚ù§Ô∏è‚ù§Ô∏è best iphon iphon seri 
Nice,positive,nice 
Awesome,positive,awesom 
Must buy!,neutral,must buy ! 
Just wow!,positive,wow ! 
Simply awesome,positive,simpli awesom 
Fabulous!,positive,fabul ! 
Worth every penny,positive,worth everi penni 
Just wow!,positive,wow ! 
Wonderful,positive,wonder 
Perfect product!,positive,perfect product ! 
Just wow!,positive,wow ! 
Light weight phone. Camera and sound is fine and performance is highly appreciable.,positive,light weight phone . camera sound fine perform highli appreci . 
"Loved itüëçüèª.
Great performance and not facing any kind of heating problem. Impressed by battery performance.",positive,love itüëçüèª . great perform face kind heat problem . impress batteri perform . 
"The phone is pretty awesome! Switching from android to ios. Smooth performance, amazing camera and battery backup so far is great. Worth it!",positive,"phone pretti awesom ! switch android io . smooth perform , amaz camera batteri backup far great . worth ! "
Fully satisfied üëçüèª,positive,fulli satisfi üëçüèª 
Good product,positive,good product 
v v good,positive,v v good 
"This mobile is phenomenal, I like the camera most",positive,"mobil phenomen , like camera "
"Upgraded from iPhone 11, The camera quality is awesome
The display quality is great and the dynamic island working perfectly
Happy with Apple and Flipkart",positive,"upgrad iphon 11 , camera qualiti awesom display qualiti great dynam island work perfectli happi appl flipkart "
Goood phone,neutral,goood phone 
Awesome product,positive,awesom product 
Worth every penny,positive,worth everi penni 
Wonderful,positive,wonder 
Excellent,positive,excel 
Does the job,neutral,job 
Worth every penny,positive,worth everi penni 
Super!,positive,super ! 
Must buy!,neutral,must buy ! 
Excellent,positive,excel 
Excellent,positive,excel 
Mind-blowing purchase,neutral,mind-blow purchas 
Really its the best and richest design üòç,positive,realli best richest design üòç 
Nice Colour,positive,nice colour 
Camera is so good,positive,camera good 
"Nice product
Best phone üì±",positive,nice product best phone üì± 
"I have been an Android phone user since ever, until now.
The matte frosting on the back is marvelous and doesn't attract fingerprints or smudges.
I love the form factor as it's one hand friendly.
For better gaming experience users should opt for the plus size.
The screen is great with excellent outdoor visibility. The battery life is crazy good especially the standby time. Barely sips anything overnight. I am using an Android fast charger to charge this and the charging time is decent, no is...
READ MORE",positive,"android phone user sinc ever , . matt frost back marvel n't attract fingerprint smudg . love form factor 's one hand friendli . better game experi user opt plu size . screen great excel outdoor visibl . batteri life crazi good especi standbi time . bare sip anyth overnight . use android fast charger charg charg time decent , ... read "
Very good. Happy with the product. Camera quality and performance is amazing.,positive,good . happi product . camera qualiti perform amaz . 
"Best phone i have ever used in terms of performance, photography and other features.",positive,"best phone ever use term perform , photographi featur . "
"Everything lovely
Just for the first time u wont feel much difference b/w pro and non pro model iphones.",positive,everyth love first time u wont feel much differ b/w pro non pro model iphon . 
"I was sceptical of online purchase but I was wrong I got what I ordered
Best phone ever",positive,sceptic onlin purchas wrong got order best phone ever 
Awesome experience. thanks to flipkart,positive,awesom experi . thank flipkart 
Brilliant,positive,brilliant 
Terrific,positive,terrif 
Wonderful,positive,wonder 
Wonderful,positive,wonder 
Nice product,positive,nice product 
Mind-blowing purchase,neutral,mind-blow purchas 
Wonderful,positive,wonder 
Wonderful,positive,wonder 
Fabulous!,positive,fabul ! 
Excellent,positive,excel 
"Not giving a fast refresh rate is really a bad idea.
Shame on you apple...with this range of phone this kind of average feature should have been given.",negative,give fast refresh rate realli bad idea . shame appl ... rang phone kind averag featur given . 
"Pros
48MP Camera With 2x Zoom.
Dynamic Island.
USB-C Port.
Superb Design and Premium Build.

Cons
Only 60Hz Display Refresh Rate.
Slow Charging.
No Action Button.
No Always-on Display.

Rating
Camera - 4.5/5
Battery - 4/5
Performance - 4.5/5
Charging - 4/5
Display - 4/5
Design and Build - 4.5/5
Sound - 4/5
Software - 4.5/5
Value For Money - 4/5
Overall Experience - 4.5/5

Hit Like üëç Button If This Review Really Helps You.",positive,pro 48mp camera 2x zoom . dynam island . usb-c port . superb design premium build . con 60hz display refresh rate . slow charg . action button . always-on display . rate camera - 4.5/5 batteri - 4/5 perform - 4.5/5 charg - 4/5 display - 4/5 design build - 4.5/5 sound - 4/5 softwar - 4.5/5 valu money - 4/5 overal experi - 4.5/5 hit like üëç button review realli help . 
Design and performance is good. But somehow I felt the quality and standard is not the same as it used to be. It does heat up while charging and prolonged usage. This is unexpected and unacceptable. Also there are connectivity issues with Apple CarPlay.,negative,design perform good . somehow felt qualiti standard use . heat charg prolong usag . unexpect unaccept . also connect issu appl carplay . 
"Coming from iphone 12 mini.
Camera is definitely a upgrade over the previous generation.
Design outside remains the same. Pastel colours with matte finish.
The Dynamic Island is what i liked for the notification part.
Processor of previous generation pro models.
Overall a value for money among the 15 models.
Got it a great deal in flipkart clubbing exchange and bank offers.
Delivery was on time.",positive,come iphon 12 mini . camera definit upgrad previou gener . design outsid remain . pastel colour matt finish . dynam island like notif part . processor previou gener pro model . overal valu money among 15 model . got great deal flipkart club exchang bank offer . deliveri time . 
"iPhone 15 impresses with sleek design, powerful performance, and stunning camera upgrades. A technological leap forward, delivering a top-tier experience. üòçüòäüëç",positive,"iphon 15 impress sleek design , power perform , stun camera upgrad . technolog leap forward , deliv top-tier experi . üòçüòäüëç "
Gud product,neutral,gud product 
"Best in class Device, Apple never ceases to Amaze customers. Lightweight and sleek look. Matte back finish helps with a fine grip.",positive,"best class devic , appl never ceas amaz custom . lightweight sleek look . matt back finish help fine grip . "
Apple iPhone 15 blue 128GB GOOD MOBILE phone Name Aarif khan Alwar Rajasthan Indian,positive,appl iphon 15 blue 128gb good mobil phone name aarif khan alwar rajasthan indian 
"I have been using this phone since two months.
And this phone is amazing.

Camera- 10/10
Display- 10/10
Performance- 10/10
Battery- 9.5/10",positive,use phone sinc two month . phone amaz . camera- 10/10 display- 10/10 performance- 10/10 battery- 9.5/10 
Nice device!,positive,nice devic ! 
Nice,positive,nice 
Wonderful,positive,wonder 
Just okay,positive,okay 
Must buy!,neutral,must buy ! 
Wonderful,positive,wonder 
Mind-blowing purchase,neutral,mind-blow purchas 
Awesome..,neutral,awesom .. 
Awesome,positive,awesom 
Super!,positive,super ! 
Wonderful,positive,wonder 
The phone heats a lot even with light usage.,neutral,phone heat lot even light usag . 
Very nice,positive,nice 
"Design n Build Quality is Best in Class.
Performance is amazing.
Camera is Good.",positive,design n build qualiti best class . perform amaz . camera good . 
Very nice product‚ò∫Ô∏è‚ò∫Ô∏èwe loved the phone very much,positive,nice product‚ò∫Ô∏è‚ò∫Ô∏èw love phone much 
"Not giving a fast refresh rate is really a bad idea.
Shame on you apple...with this range of phone this kind of average feature should have been given.",negative,give fast refresh rate realli bad idea . shame appl ... rang phone kind averag featur given . 
Overall same,neutral,overal 
Awesome quality,positive,awesom qualiti 
"The best part of camera is cinematic video which is fabulous. Rest of the things are good, but cinematic mode is on next level, higher rate is missing which may hurt phone noise cancellation is on. Also next level. Some small small features which make sweet point to use and make it different from android efforts of making iOS and developing some sweet sweet things are appreciable and if you have MacBook or iPad, ecosystem work, fantastically the best things for this iPhone is much much better...
READ MORE",positive,"best part camera cinemat video fabul . rest thing good , cinemat mode next level , higher rate miss may hurt phone nois cancel . also next level . small small featur make sweet point use make differ android effort make io develop sweet sweet thing appreci macbook ipad , ecosystem work , fantast best thing iphon much much better ... read "
Hated it!,negative,hate ! 
Terrific,positive,terrif 
Delightful,positive,delight 
Good choice,positive,good choic 
Nice,positive,nice 
Fabulous!,positive,fabul ! 
Great product,positive,great product 
Just wow!,positive,wow ! 
"Camera quality are too Great
Display awesome
Battery is average
Design is very nice
Overall very good",positive,camera qualiti great display awesom batteri averag design nice overal good 
"-Wonderful performance
-Camera quality is superb
-battery backup not that good
-sound quality is awesome",positive,-wonder perform -camera qualiti superb -batteri backup good -sound qualiti awesom 
Best photo for iPhone 15,positive,best photo iphon 15 
Switched from Redmi 12 5G to Iphone 15 . It feels like I have never used Phone. Totally Worth It and the Feeling of using Iphone is Super Awesome.,positive,switch redmi 12 5g iphon 15 . feel like never use phone . total worth feel use iphon super awesom . 
Amazing one_____üòçüòò‚úåÔ∏è,positive,amaz one_____üòçüòò‚úåÔ∏è 
Camera is just wow. All classes clicks are done at night....phone Performance is awesome.... I'm writing now again for review...it's really maintained its premium image,positive,camera wow . class click done night .... phone perform awesom .... 'm write review ... 's realli maintain premium imag 
Fabulous!,positive,fabul ! 
Awesome,positive,awesom 
Great product,positive,great product 
Best in the market!,positive,best market ! 
Excellent,positive,excel 
Classy product,positive,classi product 
"Upgraded from iPhone 11, The camera quality is awesome
The display quality is great and the dynamic island working perfectly
Happy with Apple and Flipkart",positive,"upgrad iphon 11 , camera qualiti awesom display qualiti great dynam island work perfectli happi appl flipkart "
This is my first iphone ever used loving it already this is worth it ü•∞,positive,first iphon ever use love alreadi worth ü•∞ 
"Best mobile phone
Camera quality is very nice
Battery backup is very good
Sound quality is amazing.",positive,best mobil phone camera qualiti nice batteri backup good sound qualiti amaz . 
Overall performance is best.Good aesthetic and nice color. Only thing worries me that it gets really hot with increase of brightness and during 15 min video call..,positive,overal perform best.good aesthet nice color . thing worri get realli hot increas bright 15 min video call .. 
"Everything lovely
Just for the first time u wont feel much difference b/w pro and non pro model iphones.",positive,everyth love first time u wont feel much differ b/w pro non pro model iphon . 
"Switching Android to ios awesome experience,I just love it . And thanks Flipkart for open box delivery option.",positive,"switch android io awesom experi , love . thank flipkart open box deliveri option . "
Awesome camra quality superb camra üòä,positive,awesom camra qualiti superb camra üòä 
"Mind blowing purchase, I received the right item. Thank you Flipkart.
If telling about iPhone its value for money
Great camera and video. 5/5
Display 5/5
Sound and heroics 5/5
Overall good.",positive,"mind blow purchas , receiv right item . thank flipkart . tell iphon valu money great camera video . 5/5 display 5/5 sound heroic 5/5 overal good . "
Excellent,positive,excel 
Simply awesome,positive,simpli awesom 
Worth the money,positive,worth money 
Good quality product,positive,good qualiti product 
Wonderful,positive,wonder 
Terrific purchase,positive,terrif purchas 
Really Nice,positive,realli nice 
Terrific,positive,terrif 
"What a phone super performance with light weight.
Please find my details review as follows.
1. Camera - camera is super with very gud quality photo even at night as well.
2. Battery - battery backup is fine and will last for one day long.
3. Performance - iphone 15 performance is super. No lagging and no heating issue.
Cons-
1. Battery could be better at this price range.
2. Face recognition is not good as not always open with face ID",positive,phone super perform light weight . pleas find detail review follow . 1 . camera - camera super gud qualiti photo even night well . 2 . batteri - batteri backup fine last one day long . 3 . perform - iphon 15 perform super . lag heat issu . cons- 1 . batteri could better price rang . 2 . face recognit good alway open face id 
"A great phone with quality display 60Hz, average to good battery backup, speaker same as 14, camera is very good in this segment, performance toooo good for this compact sized phone almost never heated much except for charging and bgmi though normal for every phone. Dynamic island animations are great though not a fan of it still better than notch. And design is amazing very premium.",positive,"great phone qualiti display 60hz , averag good batteri backup , speaker 14 , camera good segment , perform toooo good compact size phone almost never heat much except charg bgmi though normal everi phone . dynam island anim great though fan still better notch . design amaz premium . "
The best one from appleüíô,positive,best one appleüíô 
Very good,positive,good 
First time experiencing I phone. It feels premium and quality is awesome love it ‚ù§Ô∏è‚ù§Ô∏è‚ù§Ô∏è,positive,first time experienc phone . feel premium qualiti awesom love ‚ù§Ô∏è‚ù§Ô∏è‚ù§Ô∏è 
Camera quality is not good images and videos are not clear.,negative,camera qualiti good imag video clear . 
"Overall, I'm very happy with the phone. It's a great all-around phone with a powerful processor, a long-lasting battery, and a great camera. I would definitely recommend it to anyone looking for a new phone.",positive,"overal , 'm happi phone . 's great all-around phone power processor , long-last batteri , great camera . would definit recommend anyon look new phone . "
Must buy!,neutral,must buy ! 
Highly recommended,positive,highli recommend 
Great product,positive,great product 
Must buy!,neutral,must buy ! 
Perfect product!,positive,perfect product ! 
Slightly disappointed,negative,slightli disappoint 
Fabulous!,positive,fabul ! 
"Amazing. This is my second iphone after 11 pro.
Used it for 3 days till now. No heating issue. While setting up the device/updating ios/transferring data - it didn't heat at all. Smooth experience. Best buy for 2024.",positive,amaz . second iphon 11 pro . use 3 day till . heat issu . set device/upd ios/transf data - n't heat . smooth experi . best buy 2024 . 
Amazing,positive,amaz 
Look and design very nice,positive,look design nice 
"Amazing phone But
Now days Chapri people Drop apple's brand value.",positive,amaz phone day chapri peopl drop appl 's brand valu . 
"Pros:
1. Incredibly smart device this year
2. iOS interface
3. Data Privacy
4. Premium build quality
5. Dynamic Island
6. Ecosystem benefits if you own other Apple devices
7. Powerful processor

Cons:
1. 60Hz refresh rate for a flagship (although not very noticeable)
2. No improvements to Siri
3. Expensive
4. Low possibility of repair",positive,pro : 1 . incred smart devic year 2. io interfac 3 . data privaci 4 . premium build qualiti 5 . dynam island 6 . ecosystem benefit appl devic 7 . power processor con : 1 . 60hz refresh rate flagship ( although notic ) 2 . improv siri 3 . expens 4 . low possibl repair 
Awesome quality I am very happy. Thank you Flipkart.,positive,awesom qualiti happi . thank flipkart . 
"Bought it from flipkart, as I was getting the best price here!",positive,"bought flipkart , get best price ! "
Super!,positive,super ! 
Terrific purchase,positive,terrif purchas 
Wonderful,positive,wonder 
Awesome,positive,awesom 
Awesome,positive,awesom 
Classy product,positive,classi product 
Just wow!,positive,wow ! 
"The best in class iphone. Many people may mock iPhone, but everyone have to accept that iPhone has the best in class features and technology. It is obviously not fair to compare iPhone and android because each have its own pros and cons. Seeing the features that iPhone provide at this price point is really of premium level and I am pretty sure you are gonna enjoy using this awesome device.
Speaking about specs, iPhone 15 has the best camera till date, the best display, awesome battery managem...
READ MORE",positive,"best class iphon . mani peopl may mock iphon , everyon accept iphon best class featur technolog . obvious fair compar iphon android pro con . see featur iphon provid price point realli premium level pretti sure gon na enjoy use awesom devic . speak spec , iphon 15 best camera till date , best display , awesom batteri managem ... read "
super üëåüëåüëåüëåüëå,positive,super üëåüëåüëåüëåüëå 
As Expected ü§£üòÇü´£,neutral,expect ü§£üòÇü´£ 
Super!,positive,super ! 
Best in the market!,positive,best market ! 
Worth every penny,positive,worth everi penni 
"It is a really good phone for daily tasks. The cameras are great 48mp photos are very sharp and detailed. You can relay on this phone for 5 years. I have other apple products and the ecosystem is also great. Everything works seamlessly.

For those who are switching from android:
Battery life is good in this phone but compared to my previous phone which had 4500mAh battery I have to charge this phone 2 times in a day almost after limiting the battery to 80%.
Overall it is a great phone the v...
READ MORE",positive,realli good phone daili task . camera great 48mp photo sharp detail . relay phone 5 year . appl product ecosystem also great . everyth work seamlessli . switch android : batteri life good phone compar previou phone 4500mah batteri charg phone 2 time day almost limit batteri 80 % . overal great phone v ... read 
Heating issue,neutral,heat issu 
Excellent!!!,positive,excel ! ! ! 
"Awesome.

Camera too good
Display too good
Battery Good
Feels too good",positive,awesom . camera good display good batteri good feel good 
Very good deal and fastest delivery in next day.,positive,good deal fastest deliveri next day . 
"Super
Good Product",positive,super good product 
Simply awesome,positive,simpli awesom 
Waste of money!,negative,wast money ! 
Terrific purchase,positive,terrif purchas 
Simply awesome,positive,simpli awesom 
Perfect product!,positive,perfect product ! 
Simply awesome,positive,simpli awesom 
Loved it ü•∞,positive,love ü•∞ 
Nice,positive,nice 
Amazing Camera and battery,positive,amaz camera batteri 
Nice phone,positive,nice phone 
My mom gift,positive,mom gift 
Perfect üëç,positive,perfect üëç 
Performance super,positive,perform super 
Nice Overall performance. Loved the inhand feel of the device üòç Amazing camera quality,positive,nice overal perform . love inhand feel devic üòç amaz camera qualiti 
Brilliant,positive,brilliant 
Perfect product!,positive,perfect product ! 
Simply awesome,positive,simpli awesom 
Must buy!,neutral,must buy ! 
Mind-blowing purchase,neutral,mind-blow purchas 
Wonderful,positive,wonder 
Fabulous!,positive,fabul ! 
Mind-blowing purchase,neutral,mind-blow purchas 
Happy üòä,positive,happi üòä 
Super,positive,super 
"Just wow
Buy it now",positive,wow buy 
Best phone nice camera and performance,positive,best phone nice camera perform 
"Pros
48MP Camera With 2x Zoom.
Dynamic Island.
USB-C Port.
Superb Design and Premium Build.

Cons
Only 60Hz Display Refresh Rate.
Slow Charging.
No Action Button.
No Always-on Display.

Rating
Camera - 4.5/5
Battery - 4/5
Performance - 4.5/5
Charging - 4/5
Display - 4/5
Design and Build - 4.5/5
Sound - 4/5
Software - 4.5/5
Value For Money - 4/5
Overall Experience - 4.5/5

Hit Like üëç Button If This Review Really Helps You.",positive,pro 48mp camera 2x zoom . dynam island . usb-c port . superb design premium build . con 60hz display refresh rate . slow charg . action button . always-on display . rate camera - 4.5/5 batteri - 4/5 perform - 4.5/5 charg - 4/5 display - 4/5 design build - 4.5/5 sound - 4/5 softwar - 4.5/5 valu money - 4/5 overal experi - 4.5/5 hit like üëç button review realli help . 
I phone is phone nothing but it's a brand that makes the cost. Better should be more improved. And it gives heat.,positive,phone phone noth 's brand make cost . better improv . give heat . 
Simply awesome,positive,simpli awesom 
Fabulous!,positive,fabul ! 
Worth every penny,positive,worth everi penni 
Brilliant,positive,brilliant 
Wonderful,positive,wonder 
Wonderful,positive,wonder 
"A Mixed Bag of Brilliance

The iPhone 15 flaunts an impressive camera setup, capturing moments with exceptional clarity and detail. However, users may encounter heating issues post 80% charge, which could disrupt prolonged usage. Occasionally, screen touch glitches may hamper the otherwise seamless user experience. Despite these setbacks, the iPhone 15 excels in performance and features. The standout Dynamic Island feature enhances productivity and personalization. Overall, the iPhone 15 is a...
READ MORE",positive,"mix bag brillianc iphon 15 flaunt impress camera setup , captur moment except clariti detail . howev , user may encount heat issu post 80 % charg , could disrupt prolong usag . occasion , screen touch glitch may hamper otherwis seamless user experi . despit setback , iphon 15 excel perform featur . standout dynam island featur enhanc product person . overal , iphon 15 ... read "
"Actually phone is very good this is my first iPhone i found heating at back panel at normal usage also, it should be fixed asap because giving 80k for premium feel and still not feels worthy after heating, it gains heat very fast and cools down too but due to heat battery drop is very fast .",neutral,"actual phone good first iphon found heat back panel normal usag also , fix asap give 80k premium feel still feel worthi heat , gain heat fast cool due heat batteri drop fast . "
Very good product,positive,good product 
Everything is good. Battery backup is hardly 6hrs will come while continuously usage. Camera is fantastic. In this iphone 60 hz refreshing rate is equals to 120hz refresh rate in android. Very light weight.,positive,everyth good . batteri backup hardli 6hr come continu usag . camera fantast . iphon 60 hz refresh rate equal 120hz refresh rate android . light weight . 
Good quality product,positive,good qualiti product 
Wonderful,positive,wonder 
Fabulous!,positive,fabul ! 
Classy product,positive,classi product 
Awesome buy,positive,awesom buy 
"Am a Android User First Time Switching To IOS Really Its Awesome (iphone 15)
Camera 5/5
Battery 4/5
Design 5/5
Display 5/5
Speaker 5/5",positive,android user first time switch io realli awesom ( iphon 15 ) camera 5/5 batteri 4/5 design 5/5 display 5/5 speaker 5/5 
Android is better than ios,positive,android better io 
Excellent purchase battery life is good for medium usage but can get you through the whole day on single charge. Am just loving this phone,positive,excel purchas batteri life good medium usag get whole day singl charg . love phone 
"It was on republic sale. I got value for money.
Piece is genuine.
Camera is best with 48 MP primary lens.
Performance is very good.
There are some restrictions otherwise it is very good.",positive,republ sale . got valu money . piec genuin . camera best 48 mp primari len . perform good . restrict otherwis good . 
just like a Wow,positive,like wow 
"The product is very nice just switched from iPhone XR. Was thinking to buy Samsung S24 but happy with this purchase.

The camera is awesome
A single charge will last for a day",positive,product nice switch iphon xr . think buy samsung s24 happi purchas . camera awesom singl charg last day 
best camera phone ü•∞,positive,best camera phone ü•∞ 
Nice,positive,nice 
Best in the market!,positive,best market ! 
Excellent,positive,excel 
Worth every penny,positive,worth everi penni 
Just wow!,positive,wow ! 
Perfect product!,positive,perfect product ! 
Awesome,positive,awesom 
Simply awesome,positive,simpli awesom 
Best in the market!,positive,best market ! 
Awesome,positive,awesom 
Very nice phone im happy very good üëç,positive,nice phone im happi good üëç 
Camera quality Superb,positive,camera qualiti superb 
"I can say the 60hz doesn't feel 60hz it is very smooth and may be because of apple
I was too worried about the 60 hz because I was switching from 120hz Android (realme GT master edition) to this one but after using iphone 15 I feel lags in my android 120hz
But I feel camera quality is avg but videography is next level
Love the speaker
Quality of display is just wow
Charging is also quite good and battery backup is also awesome
I am getting 5-6 hr gameplay(free fire+bgmi) from 100% to 25% qui...
READ MORE",positive,say 60hz n't feel 60hz smooth may appl worri 60 hz switch 120hz android ( realm gt master edit ) one use iphon 15 feel lag android 120hz feel camera qualiti avg videographi next level love speaker qualiti display wow charg also quit good batteri backup also awesom get 5-6 hr gameplay ( free fire+bgmi ) 100 % 25 % qui ... read 
Very Best baseline iPhone ever. even if you have a iphone 14 it is still a upgrade. the new frosted glass and rounded edges make it premium feel. camera is just awesome. better than 14 pro camera. battery is just like iphone 14. type c is also a welcome with braided data cabel. just blue colour looks a lot like white.,positive,best baselin iphon ever . even iphon 14 still upgrad . new frost glass round edg make premium feel . camera awesom . better 14 pro camera . batteri like iphon 14. type c also welcom braid data cabel . blue colour look lot like white . 
Very powerful phone. Camera is extremely good if one can adjust the settings. Battery backup is awesome. Design is handy. Features are cool. Price is reasonable.,positive,power phone . camera extrem good one adjust set . batteri backup awesom . design handi . featur cool . price reason . 
Fantastic,positive,fantast 
Worth every penny,positive,worth everi penni 
Excellent,positive,excel 
Perfect product!,positive,perfect product ! 
Wonderful,positive,wonder 
Great product,positive,great product 
Super!,positive,super ! 
"Phone is good built lightweight,handy, camera good quality, display great phone is nice if love it's OS and can spend that much",positive,"phone good built lightweight , handi , camera good qualiti , display great phone nice love 's os spend much "
Good camera,positive,good camera 
"Very good experience, highly recommended for upgrade",positive,"good experi , highli recommend upgrad "
"Good, phone gets heated while charging.",positive,"good , phone get heat charg . "
Awesome experience. thanks to flipkart,positive,awesom experi . thank flipkart 
"The only thing I like about this phone is the camera quality and that is the reason I bought this phone.
I already have an Android phone which is less than 50% of its price and still is better in every aspect except the camera.
Well! Definitely, iphone 15 has a flagship level chipset but I am not a gamer and a normal user and I find mid rangers and flagship all perform at similar level in daily tasks.
While iphone 15 only has 60hz screen which feels choppy, all other phones have 120-144hz scr...
READ MORE",positive,"thing like phone camera qualiti reason bought phone . alreadi android phone less 50 % price still better everi aspect except camera . well ! definit , iphon 15 flagship level chipset gamer normal user find mid ranger flagship perform similar level daili task . iphon 15 60hz screen feel choppi , phone 120-144hz scr ... read "
Not justifying the price .. bit disappointed about the display (refresh rate should be high).. no differences between 12 and 15 except brightness .. those who willing to upgrade plz be ok with your 13 .. there is very low difference in day to day life use..but the Dynamic Island is awesome it is way better than expected..,positive,justifi price .. bit disappoint display ( refresh rate high ) .. differ 12 15 except bright .. will upgrad plz ok 13 .. low differ day day life use .. dynam island awesom way better expect .. 
Value-for-money,neutral,value-for-money 
Decent product,neutral,decent product 
Great product,positive,great product 
Value-for-money,neutral,value-for-money 
Excellent,positive,excel 
Just okay,positive,okay 
Wonderful,positive,wonder 
Smooth üî•,neutral,smooth üî• 
Having a great time,positive,great time 
"High quality camera

The iPhone 15 has a new 48-megapixel main camera. The new camera sensor is larger than the one in the iPhone 14, and it has better low-light performance. The iPhone 15 also has a new 12-megapixel ultrawide camera and a new 12-megapixel telephoto camera.",positive,"high qualiti camera iphon 15 new 48-megapixel main camera . new camera sensor larger one iphon 14 , better low-light perform . iphon 15 also new 12-megapixel ultrawid camera new 12-megapixel telephoto camera . "
"AFTER ONE WEEK OVERALL PERFOMANCE IS GOOD BUT FEW APPLE MUST IMPROVE 1. Design very Round on Corner gives a feel of baby Toy, 2. Some thing must improve in iOS 17 its very Classic in this mordern era like Auto Rotate not possible on photos you will have to go home select rotate lock etc.",positive,"one week overal perfom good appl must improv 1 . design round corner give feel babi toy , 2 . thing must improv io 17 classic mordern era like auto rotat possibl photo go home select rotat lock etc . "
I Love iPhone,positive,love iphon 
Nice,positive,nice 
Loving it!!! Delivery was quick .,positive,love ! ! ! deliveri quick . 
Device is getting too hot. It's looking like you have the burning stick.,positive,devic get hot . 's look like burn stick . 
Classy product,positive,classi product 
Excellent,positive,excel 
Classy product,positive,classi product 
Very Good,positive,good 
Just wow!,positive,wow ! 
Pretty good,positive,pretti good 
Super!,positive,super ! 
Does the job,neutral,job 
"Awasome Phone
Awasome Camera
üêº........Rest is History Dudu",neutral,awasom phone awasom camera üêº ........ rest histori dudu 
Good stuff.. bss thora battery cazual hai üíÄ,positive,good stuff .. bss thora batteri cazual hai üíÄ 
Good mobile but charging is getting down fasttt,positive,good mobil charg get fasttt 
All are good üòä,positive,good üòä 
nice one,positive,nice one 
Terrific purchase,positive,terrif purchas 
Terrific,positive,terrif 
Classy product,positive,classi product 
Worth every penny,positive,worth everi penni 
Must buy!,neutral,must buy ! 
Looking Like Monster ü§çüíô,positive,look like monster ü§çüíô 
Awesome I switched from Android it's great feeling just go for it ü•∞ü•∞ü•∞,positive,awesom switch android 's great feel go ü•∞ü•∞ü•∞ 
"Mind-blowing
I love it
Everything is greattt
Very good battery backup, best camera, very good design.
Update after using for 1 week:
I legit have to charge my phone for 2times in a day else everything is great",positive,"mind-blow love everyth greattt good batteri backup , best camera , good design . updat use 1 week : legit charg phone 2time day els everyth great "
Very good product,positive,good product 
Heating like heater,positive,heat like heater 
Superb phone ‚ù§Ô∏è I am using last 5 year of iPhone,positive,superb phone ‚ù§Ô∏è use last 5 year iphon 
Good camera,positive,good camera 
Highly recommended,positive,highli recommend 
Super!,positive,super ! 
Excellent,positive,excel 
Best in the market!,positive,best market ! 
Terrible product,negative,terribl product 
Super!,positive,super ! 
Mind-blowing purchase,neutral,mind-blow purchas 
The colour blue is so good and the battery life is so long as compared to 14 the camera is much better than 14series best phone I experienced very good,positive,colour blue good batteri life long compar 14 camera much better 14seri best phone experienc good 
Good,positive,good 
Just wowwww ‚ù§Ô∏è,neutral,wowwww ‚ù§Ô∏è 
Best deal,positive,best deal 
"I have recently switched from Android to ios, it does feel very strange at the beginning but now I am getting habitual to the ios
It is really very nice and feels premium. The camera is also very nice. I am fully satisfied with this purchase.",positive,"recent switch android io , feel strang begin get habitu io realli nice feel premium . camera also nice . fulli satisfi purchas . "
Verrrry good product,positive,verrrri good product 
Perfect product!,positive,perfect product ! 
Classy product,positive,classi product 
Great product,positive,great product 
Mind-blowing purchase,neutral,mind-blow purchas 
Great product,positive,great product 
Fabulous!,positive,fabul ! 
"This is adorable
Most important C type charger cable
I am happy with iPhones 15 series ‚≠êÔ∏è‚≠êÔ∏è‚≠êÔ∏è‚≠êÔ∏è‚≠êÔ∏è",positive,ador import c type charger cabl happi iphon 15 seri ‚≠êÔ∏è‚≠êÔ∏è‚≠êÔ∏è‚≠êÔ∏è‚≠êÔ∏è 
Best phone,positive,best phone 
"I am very happy to buy it because its camera is very good and its performance is also very good, its features are also very good and will never make you bored. üòç",positive,"happi buy camera good perform also good , featur also good never make bore . üòç "
"Bought 256gb green variant üòç,
new to ios
IOS is very fluid and smooth
Design is awesome, i took green its looking better in hand than other colours and dynmaic island adds to it.
No heatings issues
Perfromance is good
Charges faster than pixel
Camera and Video recording is very good

Coming from pixel 7a where pixel is one of worst device out there having bad charging, worst battery backup even heats up in normal usage in our country.",neutral,"bought 256gb green variant üòç , new io io fluid smooth design awesom , took green look better hand colour dynmaic island add . heat issu perfrom good charg faster pixel camera video record good come pixel 7a pixel one worst devic bad charg , worst batteri backup even heat normal usag countri . "
Excellent phone,positive,excel phone 
Mind-blowing purchase,neutral,mind-blow purchas 
Perfect product!,positive,perfect product ! 
Must buy!,neutral,must buy ! 
Just wow!,positive,wow ! 
Great product,positive,great product 
Genuine product. Thank you flipkart,positive,genuin product . thank flipkart 
Ok,positive,ok 
"The iPhone 15 features a 48-megapixel main camera sensor
It is powered by the A16 Bionic SoC
The iPhone 15 now comes with Dynamic I",positive,iphon 15 featur 48-megapixel main camera sensor power a16 bionic soc iphon 15 come dynam 
Best Iphone,positive,best iphon 
I loved,positive,love 
Highly recommended,positive,highli recommend 
Best in the market!,positive,best market ! 
Just wow!,positive,wow ! 
Mind-blowing purchase,neutral,mind-blow purchas 
Simply awesome,positive,simpli awesom 
Nice product but battery issues please solow,positive,nice product batteri issu pleas solow 
Awesome quality but phone is little heating,positive,awesom qualiti phone littl heat 
Best deal,positive,best deal 
"Good display, improved display brightness, awesome camera",positive,"good display , improv display bright , awesom camera "
Great product:),positive,great product : ) 
Nice Product,positive,nice product 
Highly recommended,positive,highli recommend 
Excellent,positive,excel 
Fabulous!,positive,fabul ! 
Must buy!,neutral,must buy ! 
Simply awesome,positive,simpli awesom 
Awesome,positive,awesom 
U all know about iPhone 15 so am very impressed with blue colour damn beautiful ‚ù§Ô∏è,positive,u know iphon 15 impress blue colour damn beauti ‚ù§Ô∏è 
Good,positive,good 
"Awesome phone, thanks to Flipkart for quick delivery. This is my 1st iOS experience so very excited .",positive,"awesom phone , thank flipkart quick deliveri . 1st io experi excit . "
Awesome,positive,awesom 
Must buy!,neutral,must buy ! 
Terrific purchase,positive,terrif purchas 
"Great phone!
Thank you flipkart.",positive,great phone ! thank flipkart . 
for me its 10 out of 10‚ú®,neutral,10 10‚ú® 
Beautiful phone,positive,beauti phone 
Very Fabulous,positive,fabul 
Very good product,positive,good product 
Perfect product!,positive,perfect product ! 
Simply awesome,positive,simpli awesom 
Excellent,positive,excel 
Simply awesome,positive,simpli awesom 
Simply awesome,positive,simpli awesom 
Super experienceüòòüòò,positive,super experienceüòòüòò 
Awesome...,neutral,awesom ... 
Amazing camera but battery perform not good,negative,amaz camera batteri perform good 
Upgraded from iPhone 12 to 15 every thing is nice but little bit heating issues is coming while charging the phone I requesting apple to kindly resolve this issue in next update.,positive,upgrad iphon 12 15 everi thing nice littl bit heat issu come charg phone request appl kindli resolv issu next updat . 
"Body gets heated up. Apart from that, all good! Type C charger is a good relief! And amazing delivery by FlipKart too!",positive,"bodi get heat . apart , good ! type c charger good relief ! amaz deliveri flipkart ! "
NICE,positive,nice 
Must buy!,neutral,must buy ! 
Fabulous!,positive,fabul ! 
Perfect product!,positive,perfect product ! 
Worth every penny,positive,worth everi penni 
Simply awesome,positive,simpli awesom 
Brilliant,positive,brilliant 
Nice product but battery üîã quality Bad,negative,nice product batteri üîã qualiti bad 
Awesome Gaming and Photography Experience,positive,awesom game photographi experi 
It's an awesome experience but if ur a vlogger u need and android must but other wise it's a great iphone till dateüëç,positive,'s awesom experi ur vlogger u need android must wise 's great iphon till dateüëç 
Nice prod,positive,nice prod 
Most useful device,positive,use devic 
Nice product,positive,nice product 
Terrific purchase,positive,terrif purchas 
Just wow!,positive,wow ! 
Highly recommended,positive,highli recommend 
Terrific,positive,terrif 
Worth every penny,positive,worth everi penni 
Super!,positive,super ! 
Excellent phone battery bakeup is also good,positive,excel phone batteri bakeup also good 
Wonderful üëåüèª,positive,wonder üëåüèª 
Very good handset once you purchase not change the Apple brand. üíØ original apple brand and authorised for Flipkart seller.,positive,good handset purchas chang appl brand . üíØ origin appl brand authoris flipkart seller . 
Osm product,neutral,osm product 
All good in this n camera superb,positive,good n camera superb 
Amazing product .camera quality is decent Sound quality is amazing Display quality is superb.battery quality good overall very good.,positive,amaz product .camera qualiti decent sound qualiti amaz display qualiti superb.batteri qualiti good overal good . 
Night mode is so smooth,neutral,night mode smooth 
Awesome Phone with awesome camera. Updated from iphone 13 to 15 I love this.,positive,awesom phone awesom camera . updat iphon 13 15 love . 
Highly recommended,positive,highli recommend 
Must buy!,neutral,must buy ! 
Awesome,positive,awesom 
Perfect product!,positive,perfect product ! 
Worth every penny,positive,worth everi penni 
Brilliant,positive,brilliant 
Must buy!,neutral,must buy ! 
Best in the market!,positive,best market ! 
"As always fast delivery by flipkart,Stunning design, powerful performance, and exceptional camera quality define the iPhone 15. With its sleek build, vibrant display, and lightning-fast chip, it's a flagship smartphone that delivers on all fronts. Capture breathtaking photos, enjoy seamless multitasking, and experience all-day battery life. The iPhone 15 is a premium choice for those who demand the best.

Go for it without any thinking if you are trying for premium segment.",positive,"alway fast deliveri flipkart , stun design , power perform , except camera qualiti defin iphon 15 . sleek build , vibrant display , lightning-fast chip , 's flagship smartphon deliv front . captur breathtak photo , enjoy seamless multitask , experi all-day batteri life . iphon 15 premium choic demand best . go without think tri premium segment . "
good,positive,good 
Over all good after 20 days use I like it,positive,good 20 day use like 
Awesome Product Just Love It,positive,awesom product love 
Very good,positive,good 
Bery bery good,positive,beri beri good 
Worth every penny,positive,worth everi penni 
Good quality product,positive,good qualiti product 
Brilliant,positive,brilliant 
Wonderful,positive,wonder 
Best in the market!,positive,best market ! 
Fabulous!,positive,fabul ! 
Nice,positive,nice 
Brilliant,positive,brilliant 
Awsm,neutral,awsm 
Nice phone,positive,nice phone 
Osm,neutral,osm 
Loved it,positive,love 
Amazing camera pic üòç,positive,amaz camera pic üòç 
Highly recommended,positive,highli recommend 
Brilliant,positive,brilliant 
Must buy!,neutral,must buy ! 
Wonderful,positive,wonder 
Great product,positive,great product 
Fabulous!,positive,fabul ! 
Terrific,positive,terrif 
Amazing camera quality,positive,amaz camera qualiti 
Good,positive,good 
Nice,positive,nice 
Best quality,positive,best qualiti 
Best,positive,best 
"Greatest Phone ever.
Apple rocks.",positive,greatest phone ever . appl rock . 
Mobile I got from Flipkart is really original and genuine,positive,mobil got flipkart realli origin genuin 
Worth every penny,positive,worth everi penni 
Must buy!,neutral,must buy ! 
Must buy!,neutral,must buy ! 
Simply awesome,positive,simpli awesom 
Great product,positive,great product 
Brilliant,positive,brilliant 
Perfect product!,positive,perfect product ! 
I have used this 1st time and never had an iPhone before this one and it's amazing just loved it...,positive,use 1st time never iphon one 's amaz love ... 
good üì±,positive,good üì± 
Nice camera and battery also.,positive,nice camera batteri also . 
Camera Quality üëåüíØüëå,neutral,camera qualiti üëåüíØüëå 
"1. It is the best phone and worth every rupee in terms of its user interface, unique eco system, siri and some other options which can be copied by other manufacturers but cant replicate (if incase a person thinks iphones are bit overpriced - they are pricing for their unique features)
2. In terms of camera, display, performance and in every other aspect it gives best output.
3. In terms of this iPhone 15 series, the upgrade in this series is of leaps and bounds compared to other upgrades ...
READ MORE",positive,"1 . best phone worth everi rupe term user interfac , uniqu eco system , siri option copi manufactur cant replic ( incas person think iphon bit overpr - price uniqu featur ) 2 . term camera , display , perform everi aspect give best output . 3 . term iphon 15 seri , upgrad seri leap bound compar upgrad ... read "
"This is my first mobile from apple. Powerfull performance, very good camera..next level display.. 5 out of 5",positive,"first mobil appl . powerful perform , good camera .. next level display .. 5 5 "
Best Camera,positive,best camera 
Just wow,positive,wow 
Mind-blowing purchase,neutral,mind-blow purchas 
Highly recommended,positive,highli recommend 
Just wow!,positive,wow ! 
Highly recommended,positive,highli recommend 
Terrific,positive,terrif 
Brilliant,positive,brilliant 
Terrific purchase,positive,terrif purchas 
Worth every penny,positive,worth everi penni 
Phone is super duper very nice hasome wonderfull miracle,positive,phone super duper nice hasom wonderful miracl 
Best phone,positive,best phone 
Superb Performance ‚ú®,positive,superb perform ‚ú® 
"The innovative new design features back glass that has color infused throughout the material. A custom dual ion-exchange process for the glass, and an aerospace-grade aluminum enclosure, help make iPhone 15 incredibly durable. Dependably durable.",positive,"innov new design featur back glass color infus throughout materi . custom dual ion-exchang process glass , aerospace-grad aluminum enclosur , help make iphon 15 incred durabl . depend durabl . "
Money worth it,positive,money worth 
Good Performance.,positive,good perform . 
Wonderful,positive,wonder 
Really Nice,positive,realli nice 
Super!,positive,super ! 
Wonderful,positive,wonder 
Just wow!,positive,wow ! 
Excellent,positive,excel 
Better,positive,better 
"Genuine product received.. the product is awesome.. no need to tell its worthiness because it is from Apple Inc.üòäüëçüèª
Thanks flipkart for prompt deliveryüòä",positive,genuin product receiv .. product awesom .. need tell worthi appl inc.üòäüëçüèª thank flipkart prompt deliveryüòä 
The Experience with new features is Amazing . Definately iphone 15 is better than 13 or 14 .,positive,experi new featur amaz . defin iphon 15 better 13 14 . 
Good,positive,good 
Quality deserves praise,positive,qualiti deserv prais 
Good photo sutu,positive,good photo sutu 
"Long time android user. Thought of giving iOS a try.
And now I understand why apple is apple. The highlight is the interaction between the hardware and the software.
Android feels clunky in front of iOS. (Have used all Android skins and currently on s24+)",positive,long time android user . thought give io tri . understand appl appl . highlight interact hardwar softwar . android feel clunki front io . ( use android skin current s24+ ) 
Must buy!,neutral,must buy ! 
Best in the market!,positive,best market ! 
Excellent,positive,excel 
Just okay,positive,okay 
Best in the market!,positive,best market ! 
Terrific,positive,terrif 
Great product,positive,great product 
It can be more better if display refresh rate has 120hz,positive,better display refresh rate 120hz 
Honest review after using it for a month! Best phone of apple so far camera battery performance are on top notch!,positive,honest review use month ! best phone appl far camera batteri perform top notch ! 
Pwoli item,neutral,pwoli item 
"Phone super
Battery poor",positive,phone super batteri poor 
Good camera and battery but ios is still far behind than Android in terms of ease.,positive,good camera batteri io still far behind android term eas . 
Over heating problem,negative,heat problem 
Great product,positive,great product 
Just wow!,positive,wow ! 
Fabulous!,positive,fabul ! 
Delightful,positive,delight 
Very Good,positive,good 
Good,positive,good 
This phone has comfy feel,neutral,phone comfi feel 
amazing product,positive,amaz product 
Nice phone iam happy,positive,nice phone iam happi 
"All over i find it good except the heating issues, of course its type C but when you charge it with other cable it will heat like hell, and if you take it out in noon time and take photos ,it will heat else there were no performance or body shading issues ,the in hand feeling is awesome",positive,"find good except heat issu , cours type c charg cabl heat like hell , take noon time take photo , heat els perform bodi shade issu , hand feel awesom "
Good,positive,good 
Highly recommended,positive,highli recommend 
Terrific purchase,positive,terrif purchas 
Mind-blowing purchase,neutral,mind-blow purchas 
Good choice,positive,good choic 
Worth every penny,positive,worth everi penni 
Best product...,positive,best product ... 
"Excellent product
Safe Secure Reliable",positive,excel product safe secur reliabl 
op most value for money product,positive,op valu money product 
Good,positive,good 
Heating issue,neutral,heat issu 
Amazing,positive,amaz 
Excellent,positive,excel 
Must buy!,neutral,must buy ! 
Just wow!,positive,wow ! 
Great product,positive,great product 
Not recommended at all,negative,recommend 
Great product,positive,great product 
Very good camera quality and performance,positive,good camera qualiti perform 
very nice 15,positive,nice 15 
Good product,positive,good product 
"iPhone is always the best in every quality category. Earlier, there were battery backup issues, but I am getting more than a day of battery backup. The island display in the basic model is really exciting, which was earlier in the Pro model only. I recommend you guys to go for it without any thought, if you don't require a high refresh rate display.",positive,"iphon alway best everi qualiti categori . earlier , batteri backup issu , get day batteri backup . island display basic model realli excit , earlier pro model . recommend guy go without thought , n't requir high refresh rate display . "
Excellent phone,positive,excel phone 
Product was genuine and great.,positive,product genuin great . 
Iam happy,positive,iam happi 
Must buy!,neutral,must buy ! 
Wonderful,positive,wonder 
Worth every penny,positive,worth everi penni 
Perfect iPhone now to buy,positive,perfect iphon buy 
Terrific purchase,positive,terrif purchas 
Just wow!,positive,wow ! 
Wonderful,positive,wonder 
My first iphone switch and i love it!!!,positive,first iphon switch love ! ! ! 
Nice phone üì±,positive,nice phone üì± 
I'm just telling about this phone this phone is really a dynamic change in iPhones history... And it's really great deviceüëèüëè,positive,'m tell phone phone realli dynam chang iphon histori ... 's realli great deviceüëèüëè 
The best mobile in India,positive,best mobil india 
Premium look and quality with excellent performance,positive,premium look qualiti excel perform 
Excellent,positive,excel 
Brilliant,positive,brilliant 
Simply awesome,positive,simpli awesom 
Awesome,positive,awesom 
Super!,positive,super ! 
Superb phone on best deal,positive,superb phone best deal 
Superb,positive,superb 
Awesome phone,positive,awesom phone 
"Excellent camera.
Overall great phone to have.",positive,excel camera . overal great phone . 
Battery life is unbelievable,positive,batteri life unbeliev 
Nice phoneüòç,positive,nice phoneüòç 
Nice products,positive,nice product 
Perfect product!,positive,perfect product ! 
Just wow!,positive,wow ! 
Super!,positive,super ! 
Classy product,positive,classi product 
Brilliant,positive,brilliant 
Perfect product!,positive,perfect product ! 
Awesome,positive,awesom 
Wonderful,positive,wonder 
Nice product I'm really like,positive,nice product 'm realli like 
"Got it in republic day sale however price has been slashed after that, you feel bad if you have already paid extra for it.

Offers for Flipkart Axis bank card was discontinued that time.
I own s23 ultra as well the handy feel of iPhone is non comparable.",negative,"got republ day sale howev price slash , feel bad alreadi paid extra . offer flipkart axi bank card discontinu time . s23 ultra well handi feel iphon non compar . "
"Green colour is so elegant so beautiful just like a woww
Camera quality better than 14",positive,green colour eleg beauti like woww camera qualiti better 14 
This phone is ü§©ü§©wow,neutral,phone ü§©ü§©wow 
Awesome,positive,awesom 
This is nice product,positive,nice product 
Gud phone,neutral,gud phone 
Terrific purchase,positive,terrif purchas 
Mind-blowing purchase,neutral,mind-blow purchas 
Awesome,positive,awesom 
Really Nice,positive,realli nice 
Super!,positive,super ! 
Fabulous!,positive,fabul ! 
Best in the market!,positive,best market ! 
Classy product,positive,classi product 
The camera is so beautiful and it takes good pics in portrait mode here are some sample pics,positive,camera beauti take good pic portrait mode sampl pic 
Camera quality is quite good. The battery lasts a little less. Well the phone is overall good.,positive,camera qualiti quit good . batteri last littl less . well phone overal good . 
Camera is awesome display and sound quality is amazing,positive,camera awesom display sound qualiti amaz 
Nice phone speakers display and camera quality amazing,positive,nice phone speaker display camera qualiti amaz 
"I upgraded because of the band that is 5G and a better camera , look wise it is good and weight is comfortable to carry. Dynamic Island if catchy to eye. It keeps the Apple standard, gels well with Apple ecosystem like AirPods , iwatch, mac . Though a little pricey at this point but one may wait for or some sort of discount offers.",positive,"upgrad band 5g better camera , look wise good weight comfort carri . dynam island catchi eye . keep appl standard , gel well appl ecosystem like airpod , iwatch , mac . though littl pricey point one may wait sort discount offer . "
Most value for money iPhone ever.,positive,valu money iphon ever . 
Best in the market!,positive,best market ! 
Great product,positive,great product 
Great product,positive,great product 
Great product,positive,great product 
Simply awesome,positive,simpli awesom 
Just wow!,positive,wow ! 
Amazing phone just no words to say...just one complaint that some features are easy on Android but in ios its takes more time to do it...,positive,amaz phone word say ... one complaint featur easi android io take time ... 
Decent phone but battery could be better.,positive,decent phone batteri could better . 
Awesome product go for it with out second doubt ü©∑,positive,awesom product go second doubt ü©∑ 
"Great phone , worth the money",positive,"great phone , worth money "
"I was sceptical at first about moving form an android to ios. I was confused between s23 and ip15 but i bought this phone and i must say i am very happy about it. I have not faced any issues in this device since I have been using it, no heating while gaming, charges quickly, and believe me if you have been using 60hz panel before this you will not have any problems but coming from a 120hz panel you might need some time adjusting to it. All in all this has got to be the best phone under 70k ca...
READ MORE",positive,"sceptic first move form android io . confus s23 ip15 bought phone must say happi . face issu devic sinc use , heat game , charg quickli , believ use 60hz panel problem come 120hz panel might need time adjust . got best phone 70k ca ... read "
Loved it,positive,love 
Awesome pictures,positive,awesom pictur 
"Phone is good. Good battery backup , upgraded camera.
But I feel refresh rate should be 90hz atleast.",positive,"phone good . good batteri backup , upgrad camera . feel refresh rate 90hz atleast . "
Super!,positive,super ! 
Mind-blowing purchase,neutral,mind-blow purchas 
Awesome,positive,awesom 
Great product,positive,great product 
Fabulous!,positive,fabul ! 
Highly recommended,positive,highli recommend 
Classy product,positive,classi product 
Nice product,positive,nice product 
